<?xml version="1.0" encoding="UTF-8"?>
<project-private xmlns="http://www.netbeans.org/ns/project-private/1">
    <editor-bookmarks xmlns="http://www.netbeans.org/ns/editor-bookmarks/2" lastBookmarkId="0"/>
    <open-files xmlns="http://www.netbeans.org/ns/projectui-open-files/2">
        <group>
            <file>file:/C:/Users/ibrahim/Desktop/EEE3.1/CTIS221/Project/UserMain/src/GUI/AddCourseFrame.java</file>
            <file>file:/C:/Users/ibrahim/Desktop/EEE3.1/CTIS221/Project/UserMain/src/usermain/Instructor.java</file>
            <file>file:/C:/Users/ibrahim/Desktop/EEE3.1/CTIS221/Project/UserMain/src/usermain/User.java</file>
            <file>file:/C:/Users/ibrahim/Desktop/EEE3.1/CTIS221/Project/UserMain/src/GUI/InstructorFrame.java</file>
            <file>file:/C:/Users/ibrahim/Desktop/EEE3.1/CTIS221/Project/UserMain/src/GUI/StaffFrame.java</file>
            <file>file:/C:/Users/ibrahim/Desktop/EEE3.1/CTIS221/Project/UserMain/src/usermain/Course.java</file>
            <file>file:/C:/Users/ibrahim/Desktop/EEE3.1/CTIS221/Project/UserMain/src/usermain/UserMain.java</file>
            <file>file:/C:/Users/ibrahim/Desktop/EEE3.1/CTIS221/Project/UserMain/src/GUI/UserSignInn.java</file>
            <file>file:/C:/Users/ibrahim/Desktop/EEE3.1/CTIS221/Project/UserMain/src/usermain/UserSys.java</file>
            <file>file:/C:/Users/ibrahim/Desktop/EEE3.1/CTIS221/Project/UserMain/src/GUI/UserSignUp.java</file>
            <file>file:/C:/Users/ibrahim/Desktop/EEE3.1/CTIS221/Project/UserMain/src/GUI/StudentFrame.java</file>
            <file>file:/C:/Users/ibrahim/Desktop/EEE3.1/CTIS221/Project/UserMain/src/usermain/Grades.java</file>
            <file>file:/C:/Users/ibrahim/Desktop/EEE3.1/CTIS221/Project/UserMain/src/usermain/Student.java</file>
            <file>file:/C:/Users/ibrahim/Desktop/EEE3.1/CTIS221/Project/UserMain/src/usermain/Staff.java</file>
        </group>
    </open-files>
</project-private>
